{
  "IcoMoonType": "selection",
  "icons": [
    {
      "icon": {
        "paths": [
          "M140.673 223.309c9.618-41.003 41.634-73.019 82.636-82.636v0c35.534-8.335 72.515-8.335 108.049 0v0c41.003 9.618 73.019 41.633 82.636 82.636v0c8.335 35.534 8.335 72.515 0 108.049v0c-9.618 41.003-41.633 73.019-82.636 82.636v0c-35.534 8.335-72.515 8.335-108.049 0v0c-41.003-9.618-73.019-41.633-82.636-82.636v0c-8.335-35.534-8.335-72.515 0-108.049v0z",
          "M140.673 692.639c9.618-41 41.634-73.017 82.636-82.631v0c35.534-8.34 72.515-8.34 108.049 0v0c41.003 9.614 73.019 41.631 82.636 82.631v0c8.335 35.538 8.335 72.516 0 108.055v0c-9.618 41-41.633 73.017-82.636 82.631v0c-35.534 8.34-72.515 8.34-108.049 0v0c-41.003-9.614-73.019-41.631-82.636-82.631v0c-8.335-35.538-8.335-72.516 0-108.055v0z",
          "M610.008 223.309c9.614-41.003 41.631-73.019 82.631-82.636v0c35.538-8.335 72.516-8.335 108.055 0v0c41 9.618 73.017 41.633 82.631 82.636v0c8.34 35.534 8.34 72.515 0 108.049v0c-9.614 41.003-41.631 73.019-82.631 82.636v0c-35.538 8.335-72.516 8.335-108.055 0v0c-41-9.618-73.017-41.633-82.631-82.636v0c-8.34-35.534-8.34-72.515 0-108.049v0z",
          "M610.008 692.639c9.614-41 41.631-73.017 82.631-82.631v0c35.538-8.34 72.516-8.34 108.055 0v0c41 9.614 73.017 41.631 82.631 82.631v0c8.34 35.538 8.34 72.516 0 108.055v0c-9.614 41-41.631 73.017-82.631 82.631v0c-35.538 8.34-72.516 8.34-108.055 0v0c-41-9.614-73.017-41.631-82.631-82.631v0c-8.34-35.538-8.34-72.516 0-108.055v0z"
        ],
        "attrs": [
          {
            "fill": "none",
            "strokeLinejoin": "miter",
            "strokeLinecap": "butt",
            "strokeMiterlimit": "4",
            "strokeWidth": 85.33333333333333
          },
          {
            "fill": "none",
            "strokeLinejoin": "miter",
            "strokeLinecap": "butt",
            "strokeMiterlimit": "4",
            "strokeWidth": 85.33333333333333
          },
          {
            "fill": "none",
            "strokeLinejoin": "miter",
            "strokeLinecap": "butt",
            "strokeMiterlimit": "4",
            "strokeWidth": 85.33333333333333
          },
          {
            "fill": "none",
            "strokeLinejoin": "miter",
            "strokeLinecap": "butt",
            "strokeMiterlimit": "4",
            "strokeWidth": 85.33333333333333
          }
        ],
        "isMulticolor": false,
        "isMulticolor2": false,
        "grid": 0,
        "tags": [
          "Project"
        ]
      },
      "attrs": [
        {
          "fill": "none",
          "strokeLinejoin": "miter",
          "strokeLinecap": "butt",
          "strokeMiterlimit": "4",
          "strokeWidth": 85.33333333333333
        },
        {
          "fill": "none",
          "strokeLinejoin": "miter",
          "strokeLinecap": "butt",
          "strokeMiterlimit": "4",
          "strokeWidth": 85.33333333333333
        },
        {
          "fill": "none",
          "strokeLinejoin": "miter",
          "strokeLinecap": "butt",
          "strokeMiterlimit": "4",
          "strokeWidth": 85.33333333333333
        },
        {
          "fill": "none",
          "strokeLinejoin": "miter",
          "strokeLinecap": "butt",
          "strokeMiterlimit": "4",
          "strokeWidth": 85.33333333333333
        }
      ],
      "properties": {
        "order": 108,
        "id": 13,
        "name": "Project",
        "prevSize": 32,
        "code": 59648
      },
      "setIdx": 7,
      "setId": 5,
      "iconIdx": 0
    },
    {
      "icon": {
        "paths": [
          "M512 873.472c45.059 40.368 104.901 65.047 170.508 65.047 141.385 0 256-114.615 256-256 0-117.342-78.948-216.245-186.626-246.489l-1.802-0.432M273.92 435.598c-109.388 30.784-188.236 129.662-188.236 246.955 0 141.284 114.401 255.849 255.624 256.113l0.025 0c0.027 0 0.058 0 0.090 0 141.385 0 256-114.615 256-256 0-33.963-6.614-66.382-18.624-96.038l0.614 1.716M768 341.333c0 141.385-114.615 256-256 256s-256-114.615-256-256v0c0-141.385 114.615-256 256-256s256 114.615 256 256v0z"
        ],
        "attrs": [
          {
            "fill": "none",
            "strokeLinejoin": "round",
            "strokeLinecap": "round",
            "strokeMiterlimit": "4",
            "strokeWidth": 85.33333333333333
          }
        ],
        "isMulticolor": false,
        "isMulticolor2": false,
        "grid": 0,
        "tags": [
          "colors"
        ],
        "colorPermutations": {}
      },
      "attrs": [
        {
          "fill": "none",
          "strokeLinejoin": "round",
          "strokeLinecap": "round",
          "strokeMiterlimit": "4",
          "strokeWidth": 85.33333333333333
        }
      ],
      "properties": {
        "order": 95,
        "id": 12,
        "name": "colors",
        "prevSize": 32,
        "code": 59649
      },
      "setIdx": 7,
      "setId": 5,
      "iconIdx": 1
    },
    {
      "icon": {
        "paths": [
          "M874.667 310.5l-362.667 201.5M512 512l-362.667-201.5M512 512v405.333M896 685.17v-346.34c0-14.62 0-21.902-2.162-28.444-2.016-6.028-5.127-11.211-9.13-15.561l0.027 0.030c-4.665-5.063-11.093-8.59-23.893-15.701l-315.733-175.388c-12.060-6.713-18.091-10.126-24.462-11.378-2.591-0.559-5.567-0.88-8.619-0.88s-6.028 0.32-8.898 0.929l0.279-0.050c-6.428 1.252-12.516 4.665-24.576 11.378l-315.733 175.388c-12.743 7.111-19.172 10.638-23.836 15.701-3.975 4.319-7.086 9.503-9.014 15.23l-0.088 0.301c-2.162 6.542-2.162 13.824-2.162 28.444v346.34c0 14.62 0 21.902 2.162 28.444 2.016 6.028 5.127 11.211 9.13 15.561l-0.027-0.030c4.665 5.063 11.093 8.59 23.893 15.701l315.733 175.388c12.060 6.713 18.091 10.069 24.462 11.378 5.689 1.195 11.548 1.195 17.237 0 6.428-1.308 12.516-4.665 24.576-11.378l315.733-175.388c12.743-7.111 19.172-10.638 23.836-15.701 3.975-4.319 7.086-9.503 9.014-15.23l0.088-0.301c2.162-6.542 2.162-13.824 2.162-28.444z"
        ],
        "attrs": [
          {
            "fill": "none",
            "strokeLinejoin": "round",
            "strokeLinecap": "round",
            "strokeMiterlimit": "4",
            "strokeWidth": 85.33333333333333
          }
        ],
        "isMulticolor": false,
        "isMulticolor2": false,
        "grid": 0,
        "tags": [
          "container"
        ]
      },
      "attrs": [
        {
          "fill": "none",
          "strokeLinejoin": "round",
          "strokeLinecap": "round",
          "strokeMiterlimit": "4",
          "strokeWidth": 85.33333333333333
        }
      ],
      "properties": {
        "order": 96,
        "id": 11,
        "name": "container",
        "prevSize": 32,
        "code": 59650
      },
      "setIdx": 7,
      "setId": 5,
      "iconIdx": 2
    },
    {
      "icon": {
        "paths": [
          "M478.834 103.765c12.117-6.713 18.204-10.126 24.576-11.378 2.582-0.556 5.549-0.874 8.59-0.874s6.008 0.318 8.869 0.923l-0.279-0.049c6.428 1.252 12.516 4.665 24.576 11.378l315.733 175.388c12.743 7.111 19.172 10.638 23.836 15.701 3.975 4.319 7.086 9.503 9.014 15.23l0.088 0.301c2.162 6.542 2.162 13.824 2.162 28.444v346.34c0 14.62 0 21.902-2.162 28.444-2.016 6.028-5.127 11.211-9.13 15.561l0.027-0.030c-4.665 5.063-11.093 8.59-23.893 15.701l-315.733 175.388c-12.060 6.713-18.091 10.069-24.462 11.378-2.591 0.559-5.567 0.88-8.619 0.88s-6.028-0.32-8.898-0.929l0.279 0.050c-6.428-1.308-12.516-4.665-24.576-11.378l-315.733-175.388c-12.743-7.111-19.172-10.638-23.836-15.701-3.975-4.319-7.086-9.503-9.014-15.23l-0.088-0.301c-2.162-6.542-2.162-13.824-2.162-28.444v-346.34c0-14.62 0-21.902 2.162-28.444 2.016-6.028 5.127-11.211 9.13-15.561l-0.027 0.030c4.665-5.063 11.093-8.59 23.893-15.701l315.733-175.388z"
        ],
        "attrs": [
          {
            "fill": "none",
            "strokeLinejoin": "round",
            "strokeLinecap": "round",
            "strokeMiterlimit": "4",
            "strokeWidth": 85.33333333333333
          }
        ],
        "isMulticolor": false,
        "isMulticolor2": false,
        "grid": 0,
        "tags": [
          "hexagon-01"
        ]
      },
      "attrs": [
        {
          "fill": "none",
          "strokeLinejoin": "round",
          "strokeLinecap": "round",
          "strokeMiterlimit": "4",
          "strokeWidth": 85.33333333333333
        }
      ],
      "properties": {
        "order": 97,
        "id": 10,
        "name": "hexagon-01",
        "prevSize": 32,
        "code": 59651
      },
      "setIdx": 7,
      "setId": 5,
      "iconIdx": 3
    },
    {
      "icon": {
        "paths": [
          "M607.972 85.333h-245.589c-7.623 0-11.435 0-14.791 1.138-3.133 1.092-5.814 2.784-8.025 4.953l0.003-0.003c-2.56 2.503-4.267 5.916-7.68 12.8l-179.2 358.4c-8.192 16.327-12.288 24.519-11.321 31.175 0.913 5.962 4.181 11.024 8.808 14.291l0.067 0.045c5.518 3.868 14.734 3.868 32.996 3.868h264.761l-128 426.667 520.249-539.534c17.522-18.204 26.283-27.307 26.795-35.044 0.029-0.42 0.046-0.911 0.046-1.405 0-6.516-2.921-12.349-7.525-16.262l-0.030-0.025c-5.973-5.063-18.603-5.063-43.861-5.063h-303.673l95.972-256z"
        ],
        "attrs": [
          {
            "fill": "none",
            "strokeLinejoin": "round",
            "strokeLinecap": "round",
            "strokeMiterlimit": "4",
            "strokeWidth": 85.33333333333333
          }
        ],
        "isMulticolor": false,
        "isMulticolor2": false,
        "grid": 0,
        "tags": [
          "lightning-02"
        ]
      },
      "attrs": [
        {
          "fill": "none",
          "strokeLinejoin": "round",
          "strokeLinecap": "round",
          "strokeMiterlimit": "4",
          "strokeWidth": 85.33333333333333
        }
      ],
      "properties": {
        "order": 98,
        "id": 9,
        "name": "lightning-02",
        "prevSize": 32,
        "code": 59652
      },
      "setIdx": 7,
      "setId": 5,
      "iconIdx": 4
    },
    {
      "icon": {
        "paths": [
          "M142.507 725.333c-17.165-29.218-27.303-64.356-27.303-101.861 0-69.863 35.177-131.51 88.785-168.195l0.698-0.451 0.114-0.114c31.996-21.877 71.529-34.935 114.111-34.935 45.057 0 86.699 14.619 120.442 39.373l-0.57-0.399 146.432 106.496c33.166 24.337 74.793 38.945 119.832 38.945 42.6 0 82.148-13.068 114.853-35.415l-0.701 0.452 0.114-0.057c54.325-37.109 89.52-98.75 89.52-168.611 0-37.522-10.152-72.672-27.86-102.854l0.52 0.958M725.447 881.493c-29.205 17.145-64.323 27.271-101.806 27.271-69.898 0-131.571-35.212-168.249-88.865l-0.452-0.7-0.114-0.114c-21.894-32.004-34.963-71.552-34.963-114.152 0-45.039 14.608-86.666 39.344-120.403l-0.399 0.571 106.496-146.432c24.355-33.174 38.974-74.816 38.974-119.873 0-42.583-13.058-82.116-35.388-114.813l0.453 0.702-0.171-0.057c-37.139-54.282-98.772-89.442-168.618-89.442-37.517 0-72.664 10.144-102.849 27.839l0.96-0.52M813.682 210.318c77.201 77.21 124.951 183.87 124.951 301.682s-47.75 224.472-124.951 301.682l0.001-0.001c-77.21 77.201-183.87 124.951-301.682 124.951s-224.472-47.75-301.682-124.951l0.001 0.001c-77.201-77.21-124.951-183.87-124.951-301.682s47.75-224.472 124.951-301.682l-0.001 0.001c77.21-77.201 183.87-124.951 301.682-124.951s224.472 47.75 301.682 124.951l-0.001-0.001z"
        ],
        "attrs": [
          {
            "fill": "none",
            "strokeLinejoin": "round",
            "strokeLinecap": "round",
            "strokeMiterlimit": "4",
            "strokeWidth": 85.33333333333333
          }
        ],
        "isMulticolor": false,
        "isMulticolor2": false,
        "grid": 0,
        "tags": [
          "loading-03"
        ]
      },
      "attrs": [
        {
          "fill": "none",
          "strokeLinejoin": "round",
          "strokeLinecap": "round",
          "strokeMiterlimit": "4",
          "strokeWidth": 85.33333333333333
        }
      ],
      "properties": {
        "order": 99,
        "id": 8,
        "name": "loading-03",
        "prevSize": 32,
        "code": 59653
      },
      "setIdx": 7,
      "setId": 5,
      "iconIdx": 5
    },
    {
      "icon": {
        "paths": [
          "M512 85.333l153.6 153.6c102.4-268.8 388.267 17.067 119.467 119.467l153.6 153.6-153.6 153.6c-102.4-268.8-388.267 17.067-119.467 119.467l-153.6 153.6-153.6-153.6c-102.4 268.8-388.267-17.067-119.467-119.467l-153.6-153.6 153.6-153.6c102.4 268.8 388.267-17.067 119.467-119.467l153.6-153.6z"
        ],
        "attrs": [
          {
            "fill": "none",
            "strokeLinejoin": "round",
            "strokeLinecap": "round",
            "strokeMiterlimit": "4",
            "strokeWidth": 85.33333333333333
          }
        ],
        "isMulticolor": false,
        "isMulticolor2": false,
        "grid": 0,
        "tags": [
          "puzzle-piece-02"
        ]
      },
      "attrs": [
        {
          "fill": "none",
          "strokeLinejoin": "round",
          "strokeLinecap": "round",
          "strokeMiterlimit": "4",
          "strokeWidth": 85.33333333333333
        }
      ],
      "properties": {
        "order": 100,
        "id": 7,
        "name": "puzzle-piece-02",
        "prevSize": 32,
        "code": 59654
      },
      "setIdx": 7,
      "setId": 5,
      "iconIdx": 6
    },
    {
      "icon": {
        "paths": [
          "M512 85.333l85.845 223.175c12.004 31.289 18.034 46.933 27.42 60.075 8.249 11.662 18.489 21.902 30.151 30.151 13.084 9.387 28.786 15.36 60.075 27.42l223.175 85.845-223.175 85.845c-31.289 12.004-46.933 18.034-60.075 27.42-11.755 8.419-21.732 18.396-29.889 29.768l-0.262 0.384c-9.387 13.084-15.36 28.786-27.42 60.075l-85.845 223.175-85.845-223.175c-12.004-31.289-18.034-46.933-27.42-60.075-8.42-11.754-18.397-21.731-29.768-29.889l-0.384-0.262c-13.084-9.387-28.786-15.36-60.075-27.42l-223.175-85.845 223.175-85.845c31.289-12.004 46.933-18.034 60.075-27.42 11.753-8.422 21.73-18.399 29.89-29.768l0.262-0.383c9.387-13.084 15.36-28.786 27.42-60.075l85.845-223.175z"
        ],
        "attrs": [
          {
            "fill": "none",
            "strokeLinejoin": "round",
            "strokeLinecap": "round",
            "strokeMiterlimit": "4",
            "strokeWidth": 85.33333333333333
          }
        ],
        "isMulticolor": false,
        "isMulticolor2": false,
        "grid": 0,
        "tags": [
          "star-04"
        ]
      },
      "attrs": [
        {
          "fill": "none",
          "strokeLinejoin": "round",
          "strokeLinecap": "round",
          "strokeMiterlimit": "4",
          "strokeWidth": 85.33333333333333
        }
      ],
      "properties": {
        "order": 101,
        "id": 6,
        "name": "star-04",
        "prevSize": 32,
        "code": 59655
      },
      "setIdx": 7,
      "setId": 5,
      "iconIdx": 7
    }
  ],
  "height": 1024,
  "preferences": {
    "showGlyphs": true,
    "showQuickUse": false,
    "showQuickUse2": false,
    "showSVGs": true,
    "fontPref": {
      "prefix": "icon-",
      "metadata": {
        "fontFamily": "icomoon"
      },
      "metrics": {
        "emSize": 1024,
        "baseline": 6.25,
        "whitespace": 50
      },
      "embed": false
    },
    "imagePref": {
      "prefix": "icon-",
      "png": true,
      "useClassSelector": true,
      "color": 0,
      "bgColor": 16777215,
      "classSelector": ".icon",
      "name": "icomoon"
    },
    "historySize": 50,
    "showCodes": true,
    "gridSize": 16
  }
}